"","students_reached","total_donations","num_donors"
"students_reached",1,0.043295179024408,0.00039989094571455
"total_donations",0.043295179024408,1,0.273275364232969
"num_donors",0.00039989094571455,0.273275364232969,1
